,model optimization,selection_prep,fusion optimization,retraining,complete
0,2863.300537525,5.88393553,1864.558411339,56.062949095,34724.201931027
