,model optimization,selection_prep,fusion optimization,retraining,complete
0,2989.952980122,103.309248741,1218.218709682,1.722318538,26145.166480179
