,model optimization,selection_prep,fusion optimization,retraining,complete
0,2659.859170091,80.877901041,1698.322205021,105.384809303,32428.228440085
