,model optimization,selection_prep,fusion optimization,retraining,complete
0,2895.45545169,152.494255064,1295.511145931,10.576741597,27155.978802239
