,model optimization,selection_prep,fusion optimization,retraining,complete
0,3220.565135841,6.386993898,1909.896041294,36.921687441,36293.262679809
