,model optimization,selection_prep,fusion optimization,retraining,complete
0,2957.616950885,163.074922001,1215.372691579,7.482971568,26208.413457675
