,model optimization,selection_prep,fusion optimization,retraining,complete
0,3002.871880853,220.700148097,1315.745465677,14.632875288,29280.632022342
