,model optimization,selection_prep,fusion optimization,retraining,complete
0,2987.654372937,198.411205182,1622.600262872,15.767714477,29569.576262723
