,model optimization,selection_prep,fusion optimization,retraining,complete
0,2954.554594556,194.741525884,1302.33440611,35.604371591,27702.802513728
