,model optimization,selection_prep,fusion optimization,retraining,complete
0,2924.505724843,85.75501516,1316.665022856,6.351629379,26900.135321729
