,model optimization,selection_prep,fusion optimization,retraining,complete
0,2852.721693484,316.206129425,1514.401701196,15.285118221,28930.622893639
