,model optimization,selection_prep,fusion optimization,retraining,complete
0,3067.642510726,0.155598175,1209.621864207,31.097927363,4308.640669114
