,model optimization,selection_prep,fusion optimization,retraining,complete
0,2530.817025366,149.232460605,1584.381402393,76.040812182,33660.797917077
