,model optimization,selection_prep,fusion optimization,retraining,complete
0,2658.923045835,1.852485759,1705.244005483,60.553219236,33465.674485633
