,model optimization,selection_prep,fusion optimization,retraining,complete
0,2876.622537883,55.569078746,1469.606153949,51.738371677,27562.953849662
