,model optimization,selection_prep,fusion optimization,retraining,complete
0,2626.083107274,155.991699582,1294.027006102,20.928389466,27056.038485083
