,model optimization,selection_prep,fusion optimization,retraining,complete
0,2916.798651373,0.3938507,1444.030588365,91.137046478,15143.889298736
