,model optimization,selection_prep,fusion optimization,retraining,complete
0,2950.536363776,27.860086694,1715.03008193,112.101730903,31547.915871921
