,model optimization,selection_prep,fusion optimization,retraining,complete
0,2964.508009863,48.548466579,1727.780872498,29.353994073,30155.760393043
