,model optimization,selection_prep,fusion optimization,retraining,complete
0,2963.791643503,107.170974014,1209.742448711,7.696394229,26145.268969311
