,model optimization,selection_prep,fusion optimization,retraining,complete
0,2519.517596429,100.979390176,1687.121471277,181.399779286,33232.720503968
