,model optimization,selection_prep,fusion optimization,retraining,complete
0,2919.133790043,215.754039419,1208.335034892,117.372378112,26324.149305078
