,model optimization,selection_prep,fusion optimization,retraining,complete
0,2997.687661341,0.450175859,1521.365913536,76.139353139,10226.278190366
