,model optimization,selection_prep,fusion optimization,retraining,complete
0,2778.639535766,149.700214844,1348.217378769,37.664297212,28766.653825245
