,model optimization,selection_prep,fusion optimization,retraining,complete
0,2627.949510433,487.776455674,1214.36832601,93.074918418,26307.355015542
