,model optimization,selection_prep,fusion optimization,retraining,complete
0,3003.379396811,0.17905979,1209.931701601,13.352448337,5436.260788696
