,model optimization,selection_prep,fusion optimization,retraining,complete
0,2779.200260066,132.15241817,1275.723706268,4.828873602,26668.477021103
