,model optimization,selection_prep,fusion optimization,retraining,complete
0,2733.205966373,139.437854626,1415.381158219,41.789360962,32212.749808863
