,model optimization,selection_prep,fusion optimization,retraining,complete
0,2737.638244946,1.66920789,1606.961603486,65.575861775,33132.783305782
