,model optimization,selection_prep,fusion optimization,retraining,complete
0,2986.686554357,28.566531684,1659.583854065,21.257759795,31453.761945043
