,model optimization,selection_prep,fusion optimization,retraining,complete
0,3104.332608379,0.13146181,1218.7579377,69.490004273,4392.871327352
