,model optimization,selection_prep,fusion optimization,retraining,complete
0,3214.381220443,6.864575289,1783.136477285,51.898752258,36368.984412101
