,model optimization,selection_prep,fusion optimization,retraining,complete
0,2970.05620872,54.784301118,1313.759766467,11.051753447,27881.449610136
