,model optimization,selection_prep,fusion optimization,retraining,complete
0,2968.849448792,222.652000717,1220.930777358,132.049654489,26405.564604488
