,model optimization,selection_prep,fusion optimization,retraining,complete
0,2742.661955566,67.688941953,1420.81866356,38.087240441,27384.897599465
