,model optimization,selection_prep,fusion optimization,retraining,complete
0,2668.07831701,385.916141591,1211.836445588,219.762981005,26320.086516081
