,model optimization,selection_prep,fusion optimization,retraining,complete
0,2955.399189355,0.357467971,1329.691069973,113.751751502,16496.656432173
