,model optimization,selection_prep,fusion optimization,retraining,complete
0,2817.381799588,64.101139754,1432.645649138,38.925697461,27529.91336494
