,model optimization,selection_prep,fusion optimization,retraining,complete
0,2739.290137597,439.069892846,1218.012883769,18.114892335,26315.2698988
