,model optimization,selection_prep,fusion optimization,retraining,complete
0,2975.130393025,210.107790566,1219.133741446,4.750893368,26249.480989904
