,model optimization,selection_prep,fusion optimization,retraining,complete
0,2831.468392085,1.703336809,1665.324837002,128.809439479,30892.173934697
