,model optimization,selection_prep,fusion optimization,retraining,complete
0,2668.615329542,159.714393212,1801.98400086,15.595946786,32805.482473741
