,model optimization,selection_prep,fusion optimization,retraining,complete
0,2994.740456036,80.264577481,1216.4940938,3.970560439,26211.689949225
