,model optimization,selection_prep,fusion optimization,retraining,complete
0,2915.343462805,0.55587707,1228.460982527,115.778326243,14061.841621605
