,model optimization,selection_prep,fusion optimization,retraining,complete
0,2903.953670676,3.389620195,1780.852181549,87.44587249,31712.493149021
