,model optimization,selection_prep,fusion optimization,retraining,complete
0,2978.764672379,24.846577664,1707.618091073,15.780104536,31227.886858668
