,model optimization,selection_prep,fusion optimization,retraining,complete
0,3058.41794056,0.30539968,1377.230524111,117.683718572,15027.985868054
