,model optimization,selection_prep,fusion optimization,retraining,complete
0,2904.704587727,128.892184989,1223.150549809,10.592858458,26136.633199862
