,model optimization,selection_prep,fusion optimization,retraining,complete
0,2970.632319441,42.850701259,1490.539246024,47.328377419,29899.065061004
