,model optimization,selection_prep,fusion optimization,retraining,complete
0,2878.730756422,39.472755771,1674.836075091,121.52325084,34832.133812916
