,model optimization,selection_prep,fusion optimization,retraining,complete
0,2998.492362602,103.983010055,1214.739593951,154.849505589,26304.025135971
