,model optimization,selection_prep,fusion optimization,retraining,complete
0,3073.311858877,0.192738462,1206.68042356,6.485635183,5496.4583136
