,model optimization,selection_prep,fusion optimization,retraining,complete
0,3146.688317489,5.860055569,2070.777264706,38.049592381,36987.974179223
