,model optimization,selection_prep,fusion optimization,retraining,complete
0,3104.80439,0.54940992,1494.633919714,182.177967726,7475.529529396
