,model optimization,selection_prep,fusion optimization,retraining,complete
0,2902.532886517,223.434254586,1540.879704103,26.118364893,29012.799840027
