,size,true size,rid,algorithm,configuration,runtime,accuracy,balanced_accuracy,f1_macro,precision_micro,precision_macro,precision,recall_micro,recall_macro,recall,roc_auc_ovo,doublefault_norm,doublefault,disagreement,yulesq,correlation,kappa-error
0,2,2,1,DTEMP,"{'Div:algorithm': 'NODIV', 'ENS:size': 2, 'Enc:algorithm': 'NOEnc', 'Fe:algorithm': 'NOFE', 'Pre:algorithm': 'NOPRE', 'algorithm': 'DTEMP', 'DTEMP:similarity': 'euclidean'}",7.968156337738037,0.39666666666666667,0.3966666666666666,0.39261772678768025,0.39666666666666667,0.3923920772127634,"[0.4283615  0.44660194 0.33511206 0.27969019 0.38066465 0.32015429
 0.40462428 0.46586716 0.45283019 0.41001451]",0.39666666666666667,0.3966666666666666,"[0.48583333 0.49833333 0.26166667 0.27083333 0.315      0.27666667
 0.46666667 0.42083333 0.5        0.47083333]",0.6648148148148151,0.46,0.54,0.397,0.238,0.081,0.0
1,3,2,1,DTEMP,"{'Div:algorithm': 'NODIV', 'ENS:size': 3, 'Enc:algorithm': 'NOEnc', 'Fe:algorithm': 'NOFE', 'Pre:algorithm': 'NOPRE', 'algorithm': 'DTEMP', 'DTEMP:similarity': 'euclidean'}",7.5467610359191895,0.39666666666666667,0.3966666666666666,0.39261772678768025,0.39666666666666667,0.3923920772127634,"[0.4283615  0.44660194 0.33511206 0.27969019 0.38066465 0.32015429
 0.40462428 0.46586716 0.45283019 0.41001451]",0.39666666666666667,0.3966666666666666,"[0.48583333 0.49833333 0.26166667 0.27083333 0.315      0.27666667
 0.46666667 0.42083333 0.5        0.47083333]",0.6648148148148151,0.46,0.54,0.397,0.238,0.081,0.0
2,4,4,2,NB,"{'Div:algorithm': 'NODIV', 'ENS:size': 4, 'Enc:algorithm': 'NOEnc', 'Fe:algorithm': 'NOFE', 'Pre:algorithm': 'NOPRE', 'algorithm': 'NB'}",11.813106536865234,0.39625,0.39625000000000005,0.39209602634817997,0.39625,0.39190985737058687,"[0.43071161 0.44452774 0.34611048 0.28333333 0.37843137 0.31460674
 0.39971449 0.46265938 0.44411765 0.41488578]",0.39625,0.39625000000000005,"[0.47916667 0.49416667 0.25583333 0.26916667 0.32166667 0.28
 0.46666667 0.42333333 0.50333333 0.46916667]",0.6645833333333336,0.395,0.605,0.266,0.492,0.382,0.0
