,model optimization,selection_prep,fusion optimization,retraining,complete
0,3063.737867289,0.29042446,1286.604208363,184.942563766,7135.874928957
