,model optimization,selection_prep,fusion optimization,retraining,complete
0,3273.196055999,6.713383839,1906.124175425,34.320271232,36754.473462829
