,model optimization,selection_prep,fusion optimization,retraining,complete
0,3009.239961632,346.044047277,1386.07561701,25.791493093,29313.790046894
