,model optimization,selection_prep,fusion optimization,retraining,complete
0,2973.66960415,303.174816948,1214.110928101,105.305008286,26475.384876032
