,model optimization,selection_prep,fusion optimization,retraining,complete
0,2774.372604527,48.969898588,1529.433276814,74.229319662,30434.860519638
