,model optimization,selection_prep,fusion optimization,retraining,complete
0,2985.755019268,354.568394856,1473.949748468,91.125013318,29415.06364114
