,model optimization,selection_prep,fusion optimization,retraining,complete
0,2740.516654776,23.606496925,1706.515702203,47.986146888,31118.746271643
