,model optimization,selection_prep,fusion optimization,retraining,complete
0,3067.717666927,0.32260865,1468.69373067,99.672221826,15208.76596634
