,model optimization,selection_prep,fusion optimization,retraining,complete
0,2606.993344118,502.72906723,1212.06031165,54.097423287,26238.244907978
