,model optimization,selection_prep,fusion optimization,retraining,complete
0,2993.853241056,0.325772599,1364.332655551,88.494942496,16062.433002839
