,model optimization,selection_prep,fusion optimization,retraining,complete
0,2963.292913712,40.51420604,1758.45400502,143.458095345,35064.861451121
