,model optimization,selection_prep,fusion optimization,retraining,complete
0,2921.638939162,491.316342003,1222.736944838,101.032703555,26595.920577042
