,model optimization,selection_prep,fusion optimization,retraining,complete
0,2856.836680318,42.55289857,1564.171303426,41.83509411,30519.250609276
