,model optimization,selection_prep,fusion optimization,retraining,complete
0,2969.933223432,200.166645622,1522.416539096,17.488421175,29196.268360512
