,model optimization,selection_prep,fusion optimization,retraining,complete
0,3004.604539002,115.809102252,1224.762023367,55.875843197,26260.870743493
