,model optimization,selection_prep,fusion optimization,retraining,complete
0,2830.681499614,2.872578979,1631.066217511,107.457477635,33107.655523539
