,model optimization,selection_prep,fusion optimization,retraining,complete
0,2949.113862527,171.822278628,1211.882698661,2.942835489,26215.120703363
