,model optimization,selection_prep,fusion optimization,retraining,complete
0,2943.283203738,103.467188215,1307.586321098,22.465349945,27503.833969216
