,model optimization,selection_prep,fusion optimization,retraining,complete
0,2654.767949696,66.251498834,1350.709879358,4.202936728,26694.345418419
