,model optimization,selection_prep,fusion optimization,retraining,complete
0,2718.580907341,1.70280925,1734.524457527,122.81232287,33649.683919269
