,model optimization,selection_prep,fusion optimization,retraining,complete
0,2641.680797378,64.923143307,1304.216046457,39.188390091,27091.698582084
