,model optimization,selection_prep,fusion optimization,retraining,complete
0,2712.424182893,99.330423076,1338.874975701,239.772471953,33180.420653502
