,model optimization,selection_prep,fusion optimization,retraining,complete
0,2744.805365995,112.984397723,1780.715943175,194.817065903,33848.560987692
