,model optimization,selection_prep,fusion optimization,retraining,complete
0,2966.982723241,39.509669951,1746.731074853,117.956478352,34782.847113799
