,model optimization,selection_prep,fusion optimization,retraining,complete
0,2900.914273408,59.861361266,1326.052786564,38.344733661,26925.195608724
