,model optimization,selection_prep,fusion optimization,retraining,complete
0,2493.701688435,165.03174153,1689.903309778,35.974920541,32483.399437148
