,model optimization,selection_prep,fusion optimization,retraining,complete
0,2722.283119471,1.619500879,1700.481719614,141.089147316,34333.258169386
