,model optimization,selection_prep,fusion optimization,retraining,complete
0,2879.206244853,110.441849644,1209.579852152,6.522235709,26045.932010234
