,model optimization,selection_prep,fusion optimization,retraining,complete
0,2741.995634806,92.932833639,1307.473232368,7.868278858,26774.79828729
