,model optimization,selection_prep,fusion optimization,retraining,complete
0,2984.307546888,2.160524323,1711.059624225,82.608291913,33494.88321691
