,model optimization,selection_prep,fusion optimization,retraining,complete
0,2597.10960522,128.461041069,1608.041384307,68.940249494,34004.897023465
