,model type,k,wanted k,rid,algorithm,configuration,runtime,accuracy,balanced_accuracy,f1_macro,precision_micro,precision_macro,precision,recall_micro,recall_macro,recall,roc_auc_ovo
0,Fusion,4,4,181,NN,"{'Div:algorithm': 'NODIV', 'ENS:size': 4, 'Enc:algorithm': 'NOEnc', 'Fe:algorithm': 'NOFE', 'Pre:algorithm': 'NOPRE', 'algorithm': 'NN', 'NN:activation': 'relu', 'NN:alpha': 0.0003029797557381425, 'NN:solver': 'lbfgs', 'NN:tol': 0.06557794913070904}",1.6186997890472412,0.8,0.8052028877271595,0.7629860523364229,0.8,0.7482032594392145,[0.92883895 0.56756757],0.8,0.8052028877271595,[0.79487179 0.81553398],0.8052028877271596
1,Model,4,4,82,QDA,"{'Div:algorithm': 'NODIV', 'Enc:algorithm': 'NOEnc', 'Fe:algorithm': 'NOFE', 'Pre:algorithm': 'NOPRE', 'algorithm': 'QDA', 'QDA:reg_param': 0.028605538260446983}",1.5213465690612793,0.8024096385542169,0.79054642768235,0.7596751412429379,0.8024096385542169,0.7451557002573124,[0.91366906 0.57664234],0.8024096385542169,0.79054642768235,[0.81410256 0.76699029],0.7905464276823501
2,Model,4,4,498,LSVM,"{'Div:algorithm': 'NODIV', 'Enc:algorithm': 'NOEnc', 'Fe:algorithm': 'NOFE', 'Pre:algorithm': 'NOPRE', 'algorithm': 'LSVM', 'LSVM:C': 1.4130310642178798, 'LSVM:loss': 'squared_hinge', 'LSVM:penalty': 'l2', 'LSVM:tol': 0.0014980694195361147}",1.7170522212982178,0.8168674698795181,0.70423356982823,0.7248418756815703,0.8168674698795181,0.7657616618075802,[0.84402332 0.6875    ],0.8168674698795181,0.70423356982823,[0.92788462 0.48058252],0.70423356982823
3,Model,4,4,10,AB,"{'Div:algorithm': 'NODIV', 'Enc:algorithm': 'NOEnc', 'Fe:algorithm': 'NOFE', 'Pre:algorithm': 'NOPRE', 'algorithm': 'AB', 'AB:algorithm': 'SAMME.R', 'AB:learning_rate': 1.5566253555490757, 'AB:n_estimators': 56}",4.195796251296997,0.846987951807229,0.7730426935524023,0.7852610134963076,0.846987951807229,0.8011954105844896,[0.88172043 0.72067039],0.846987951807229,0.7730426935524023,[0.91987179 0.62621359],0.7730426935524023
4,Model,4,4,576,GB,"{'Div:algorithm': 'NODIV', 'Enc:algorithm': 'NOEnc', 'Fe:algorithm': 'NOFE', 'Pre:algorithm': 'NOPRE', 'algorithm': 'GB', 'GB:l2_regularization': 0.0026529329336637763, 'GB:learning_rate': 0.10090138275523523, 'GB:min_samples_leaf': 23}",7.1844048500061035,0.8349397590361446,0.7569003609658949,0.7683524318818437,0.8349397590361446,0.7833886843618327,[0.87403994 0.69273743],0.8349397590361446,0.7569003609658949,[0.91185897 0.60194175],0.7569003609658949
