,model type,k,wanted k,rid,algorithm,configuration,runtime,accuracy,balanced_accuracy,f1_macro,precision_micro,precision_macro,precision,recall_micro,recall_macro,recall,roc_auc_ovo
0,Fusion,4,4,181,NN,"{'Div:algorithm': 'NODIV', 'ENS:size': 4, 'Enc:algorithm': 'NOEnc', 'Fe:algorithm': 'NOFE', 'Pre:algorithm': 'NOPRE', 'algorithm': 'NN', 'NN:activation': 'relu', 'NN:alpha': 0.0003029797557381425, 'NN:solver': 'lbfgs', 'NN:tol': 0.06557794913070904}",1.6186997890472412,0.8036144578313253,0.7897218073188947,0.7602478154002101,0.8036144578313253,0.7458396319204694,[0.91234347 0.57933579],0.8036144578313253,0.7897218073188947,[0.81730769 0.76213592],0.7897218073188947
1,Model,4,4,82,QDA,"{'Div:algorithm': 'NODIV', 'Enc:algorithm': 'NOEnc', 'Fe:algorithm': 'NOFE', 'Pre:algorithm': 'NOPRE', 'algorithm': 'QDA', 'QDA:reg_param': 0.028605538260446983}",1.5213465690612793,0.8024096385542169,0.79054642768235,0.7596751412429379,0.8024096385542169,0.7451557002573124,[0.91366906 0.57664234],0.8024096385542169,0.79054642768235,[0.81410256 0.76699029],0.7905464276823501
2,Model,4,4,498,LSVM,"{'Div:algorithm': 'NODIV', 'Enc:algorithm': 'NOEnc', 'Fe:algorithm': 'NOFE', 'Pre:algorithm': 'NOPRE', 'algorithm': 'LSVM', 'LSVM:C': 1.4130310642178798, 'LSVM:loss': 'squared_hinge', 'LSVM:penalty': 'l2', 'LSVM:tol': 0.0014980694195361147}",1.7170522212982178,0.7963855421686747,0.7897918222554146,0.7550378174667624,0.7963855421686747,0.7406379803748038,[0.91590494 0.56537102],0.7963855421686747,0.7897918222554146,[0.80288462 0.77669903],0.7897918222554146
3,Model,4,4,10,AB,"{'Div:algorithm': 'NODIV', 'Enc:algorithm': 'NOEnc', 'Fe:algorithm': 'NOFE', 'Pre:algorithm': 'NOPRE', 'algorithm': 'AB', 'AB:algorithm': 'SAMME.R', 'AB:learning_rate': 1.5566253555490757, 'AB:n_estimators': 56}",4.195796251296997,0.7963855421686747,0.7914177246701519,0.7556182369041377,0.7963855421686747,0.7411717366811524,[0.91743119 0.56491228],0.7963855421686747,0.7914177246701519,[0.80128205 0.7815534 ],0.7914177246701519
4,Model,4,4,576,GB,"{'Div:algorithm': 'NODIV', 'Enc:algorithm': 'NOEnc', 'Fe:algorithm': 'NOFE', 'Pre:algorithm': 'NOPRE', 'algorithm': 'GB', 'GB:l2_regularization': 0.0026529329336637763, 'GB:learning_rate': 0.10090138275523523, 'GB:min_samples_leaf': 23}",7.1844048500061035,0.7903614457831325,0.7874113144137416,0.7498545061523112,0.7903614457831325,0.735919540229885,[0.91666667 0.55517241],0.7903614457831325,0.7874113144137416,[0.79326923 0.7815534 ],0.7874113144137416
