,model optimization,selection_prep,fusion optimization,retraining,complete
0,2986.106663207,89.929513118,1216.517787,0.705887209,26156.522010348
