,model optimization,selection_prep,fusion optimization,retraining,complete
0,2952.843518633,43.458450206,1705.905979392,118.411002529,35446.160729303
