,model optimization,selection_prep,fusion optimization,retraining,complete
0,2768.639279049,44.747418806,1709.498750435,168.418693036,34818.606037748
