,model optimization,selection_prep,fusion optimization,retraining,complete
0,3189.59602853,0.35042315,1586.949724621,119.811260521,10571.236297248
