,model optimization,selection_prep,fusion optimization,retraining,complete
0,2826.068435226,267.629100766,1587.831890081,60.296395135,28939.571146624
