,model optimization,selection_prep,fusion optimization,retraining,complete
0,2853.552622719,1.359570739,1661.839166433,138.118361077,28356.648137613
