,model optimization,selection_prep,fusion optimization,retraining,complete
0,2925.554364952,1.356325169,1704.280649634,99.079792977,27024.735501281
