,model optimization,selection_prep,fusion optimization,retraining,complete
0,2893.4291371,94.182733577,1213.425194471,5.828835109,26097.291441852
