,model optimization,selection_prep,fusion optimization,retraining,complete
0,2677.442926862,100.447923477,1617.728227584,173.965816709,33872.912445987
