,model optimization,selection_prep,fusion optimization,retraining,complete
0,2894.488999547,138.428154249,1272.630570017,32.562575504,27134.699612723
