,model optimization,selection_prep,fusion optimization,retraining,complete
0,2671.073912465,21.689864495,1536.772602563,78.614805044,31396.36902633
