,model optimization,selection_prep,fusion optimization,retraining,complete
0,2794.29757432,260.195152944,1331.277799884,61.773873997,28182.173386916
