,model optimization,selection_prep,fusion optimization,retraining,complete
0,3241.986332317,0.513016139,1675.81287583,189.155701805,10266.51844785
