,model optimization,selection_prep,fusion optimization,retraining,complete
0,2938.127995873,39.261598479,1653.367474546,25.634477714,29974.340955494
